False,0.09251713752746582,1,alpha-beta pruning,expectimax minimax
False,0.06995749473571777,1,alpha-beta pruning,expectimax minimax
False,0.06995391845703125,1,alpha-beta pruning,expectimax minimax
False,0.06995725631713867,1,alpha-beta pruning,expectimax minimax
False,0.06995677947998047,1,alpha-beta pruning,expectimax minimax
False,0.06795668601989746,1,alpha-beta pruning,expectimax minimax
False,0.06895589828491211,1,alpha-beta pruning,expectimax minimax
False,0.07195591926574707,1,alpha-beta pruning,expectimax minimax
False,0.07195520401000977,1,alpha-beta pruning,expectimax minimax
False,0.09094357490539551,1,alpha-beta pruning,expectimax minimax
False,0.09094381332397461,1,alpha-beta pruning,expectimax minimax
False,0.14690685272216797,1,alpha-beta pruning,expectimax minimax
False,0.15390324592590332,1,alpha-beta pruning,expectimax minimax
False,0.15990114212036133,1,alpha-beta pruning,expectimax minimax
False,0.14590907096862793,1,alpha-beta pruning,expectimax minimax
False,0.14791107177734375,1,alpha-beta pruning,expectimax minimax
False,0.14491009712219238,1,alpha-beta pruning,expectimax minimax
False,0.14590978622436523,1,alpha-beta pruning,expectimax minimax
False,0.1469118595123291,1,alpha-beta pruning,expectimax minimax
False,0.09194421768188477,1,alpha-beta pruning,expectimax minimax
False,0.11392974853515625,1,alpha-beta pruning,expectimax minimax
False,0.1668987274169922,1,alpha-beta pruning,expectimax minimax
False,0.16689610481262207,1,alpha-beta pruning,expectimax minimax
False,0.16589617729187012,1,alpha-beta pruning,expectimax minimax
False,0.16589760780334473,1,alpha-beta pruning,expectimax minimax
False,0.1668994426727295,1,alpha-beta pruning,expectimax minimax
False,0.16589975357055664,1,alpha-beta pruning,expectimax minimax
False,0.16689658164978027,1,alpha-beta pruning,expectimax minimax
False,0.16589736938476562,1,alpha-beta pruning,expectimax minimax
False,0.16788506507873535,1,alpha-beta pruning,expectimax minimax
False,0.16789770126342773,1,alpha-beta pruning,expectimax minimax
False,0.15190696716308594,1,alpha-beta pruning,expectimax minimax
False,0.1269221305847168,1,alpha-beta pruning,expectimax minimax
False,0.12891888618469238,1,alpha-beta pruning,expectimax minimax
False,0.1289205551147461,1,alpha-beta pruning,expectimax minimax
False,0.12891864776611328,1,alpha-beta pruning,expectimax minimax
False,0.128920316696167,1,alpha-beta pruning,expectimax minimax
False,0.13391947746276855,1,alpha-beta pruning,expectimax minimax
False,0.07995152473449707,1,alpha-beta pruning,expectimax minimax
False,0.07895016670227051,1,alpha-beta pruning,expectimax minimax
False,0.07895016670227051,1,alpha-beta pruning,expectimax minimax
False,0.046970367431640625,1,alpha-beta pruning,expectimax minimax
False,0.04797053337097168,1,alpha-beta pruning,expectimax minimax
False,0.04697132110595703,1,alpha-beta pruning,expectimax minimax
False,0.046971797943115234,1,alpha-beta pruning,expectimax minimax
False,0.06895732879638672,1,alpha-beta pruning,expectimax minimax
False,0.06995725631713867,1,alpha-beta pruning,expectimax minimax
False,0.0689549446105957,1,alpha-beta pruning,expectimax minimax
False,0.06895732879638672,1,alpha-beta pruning,expectimax minimax
False,0.027982711791992188,1,alpha-beta pruning,expectimax minimax
False,0.02798295021057129,1,alpha-beta pruning,expectimax minimax
False,0.06695866584777832,1,alpha-beta pruning,expectimax minimax
False,0.06695795059204102,1,alpha-beta pruning,expectimax minimax
False,0.06695914268493652,1,alpha-beta pruning,expectimax minimax
False,0.06796002388000488,1,alpha-beta pruning,expectimax minimax
False,0.06895637512207031,1,alpha-beta pruning,expectimax minimax
False,0.06695914268493652,1,alpha-beta pruning,expectimax minimax
False,0.0889434814453125,1,alpha-beta pruning,expectimax minimax
False,0.08994460105895996,1,alpha-beta pruning,expectimax minimax
False,0.09294247627258301,1,alpha-beta pruning,expectimax minimax
False,0.0889444351196289,1,alpha-beta pruning,expectimax minimax
False,0.12792205810546875,1,alpha-beta pruning,expectimax minimax
False,0.12991976737976074,1,alpha-beta pruning,expectimax minimax
False,0.13291716575622559,1,alpha-beta pruning,expectimax minimax
False,0.00799417495727539,1,alpha-beta pruning,expectimax minimax
False,0.1329174041748047,1,alpha-beta pruning,expectimax minimax
False,0.07895112037658691,1,alpha-beta pruning,expectimax minimax
False,0.09793758392333984,1,alpha-beta pruning,expectimax minimax
False,0.032979726791381836,1,alpha-beta pruning,expectimax minimax
False,0.03397798538208008,1,alpha-beta pruning,expectimax minimax
False,0.032981157302856445,1,alpha-beta pruning,expectimax minimax
False,0.05996417999267578,1,alpha-beta pruning,expectimax minimax
False,0.06195974349975586,1,alpha-beta pruning,expectimax minimax
False,0.061962127685546875,1,alpha-beta pruning,expectimax minimax
False,0.06196260452270508,1,alpha-beta pruning,expectimax minimax
False,0.05996298789978027,1,alpha-beta pruning,expectimax minimax
False,0.05996227264404297,1,alpha-beta pruning,expectimax minimax
False,0.05996298789978027,1,alpha-beta pruning,expectimax minimax
False,0.05996060371398926,1,alpha-beta pruning,expectimax minimax
False,0.06196188926696777,1,alpha-beta pruning,expectimax minimax
False,0.061960697174072266,1,alpha-beta pruning,expectimax minimax
False,0.09094643592834473,1,alpha-beta pruning,expectimax minimax
False,0.08894634246826172,1,alpha-beta pruning,expectimax minimax
False,0.08894538879394531,1,alpha-beta pruning,expectimax minimax
False,0.06096220016479492,1,alpha-beta pruning,expectimax minimax
False,0.061960458755493164,1,alpha-beta pruning,expectimax minimax
False,0.06296086311340332,1,alpha-beta pruning,expectimax minimax
False,0.061960697174072266,1,alpha-beta pruning,expectimax minimax
False,0.06196141242980957,1,alpha-beta pruning,expectimax minimax
False,0.06096315383911133,1,alpha-beta pruning,expectimax minimax
False,0.060962677001953125,1,alpha-beta pruning,expectimax minimax
False,0.08794498443603516,1,alpha-beta pruning,expectimax minimax
False,0.08794736862182617,1,alpha-beta pruning,expectimax minimax
False,0.0889430046081543,1,alpha-beta pruning,expectimax minimax
False,0.06296253204345703,1,alpha-beta pruning,expectimax minimax
False,0.06296014785766602,1,alpha-beta pruning,expectimax minimax
False,0.06096196174621582,1,alpha-beta pruning,expectimax minimax
False,0.06096363067626953,1,alpha-beta pruning,expectimax minimax
False,0.060961246490478516,1,alpha-beta pruning,expectimax minimax
False,0.06096148490905762,1,alpha-beta pruning,expectimax minimax
False,0.060959815979003906,1,alpha-beta pruning,expectimax minimax
False,0.08794665336608887,1,alpha-beta pruning,expectimax minimax
False,0.08894705772399902,1,alpha-beta pruning,expectimax minimax
False,0.0889434814453125,1,alpha-beta pruning,expectimax minimax
False,0.06296086311340332,1,alpha-beta pruning,expectimax minimax
False,0.060961246490478516,1,alpha-beta pruning,expectimax minimax
False,0.05996346473693848,1,alpha-beta pruning,expectimax minimax
False,0.06096005439758301,1,alpha-beta pruning,expectimax minimax
False,0.061960697174072266,1,alpha-beta pruning,expectimax minimax
False,0.061960697174072266,1,alpha-beta pruning,expectimax minimax
False,0.061959028244018555,1,alpha-beta pruning,expectimax minimax
False,0.0889427661895752,1,alpha-beta pruning,expectimax minimax
False,0.09094476699829102,1,alpha-beta pruning,expectimax minimax
False,0.09294319152832031,1,alpha-beta pruning,expectimax minimax
False,0.06295990943908691,1,alpha-beta pruning,expectimax minimax
False,0.060961008071899414,1,alpha-beta pruning,expectimax minimax
False,0.060964345932006836,1,alpha-beta pruning,expectimax minimax
False,0.02498459815979004,1,alpha-beta pruning,expectimax minimax
False,0.02398681640625,1,alpha-beta pruning,expectimax minimax
False,0.0239865779876709,1,alpha-beta pruning,expectimax minimax
False,0.023983478546142578,1,alpha-beta pruning,expectimax minimax
False,0.044965267181396484,1,alpha-beta pruning,expectimax minimax
False,0.04597020149230957,1,alpha-beta pruning,expectimax minimax
False,0.04612326622009277,1,alpha-beta pruning,expectimax minimax
False,0.04397225379943848,1,alpha-beta pruning,expectimax minimax
False,0.044904470443725586,1,alpha-beta pruning,expectimax minimax
False,0.045970916748046875,1,alpha-beta pruning,expectimax minimax
False,0.04597592353820801,1,alpha-beta pruning,expectimax minimax
False,0.04397106170654297,1,alpha-beta pruning,expectimax minimax
False,0.04507303237915039,1,alpha-beta pruning,expectimax minimax
False,0.04497241973876953,1,alpha-beta pruning,expectimax minimax
False,0.0663900375366211,1,alpha-beta pruning,expectimax minimax
False,0.06595849990844727,1,alpha-beta pruning,expectimax minimax
False,0.06496024131774902,1,alpha-beta pruning,expectimax minimax
False,0.04497122764587402,1,alpha-beta pruning,expectimax minimax
False,0.06695866584777832,1,alpha-beta pruning,expectimax minimax
False,0.06595993041992188,1,alpha-beta pruning,expectimax minimax
False,0.06595802307128906,1,alpha-beta pruning,expectimax minimax
False,0.06689596176147461,1,alpha-beta pruning,expectimax minimax
False,0.06695866584777832,1,alpha-beta pruning,expectimax minimax
False,0.06627988815307617,1,alpha-beta pruning,expectimax minimax
False,0.0889441967010498,1,alpha-beta pruning,expectimax minimax
False,0.0879054069519043,1,alpha-beta pruning,expectimax minimax
False,0.08594655990600586,1,alpha-beta pruning,expectimax minimax
False,0.06695914268493652,1,alpha-beta pruning,expectimax minimax
False,0.06893205642700195,1,alpha-beta pruning,expectimax minimax
False,0.06902647018432617,1,alpha-beta pruning,expectimax minimax
False,0.06695890426635742,1,alpha-beta pruning,expectimax minimax
False,0.06801772117614746,1,alpha-beta pruning,expectimax minimax
False,0.06502103805541992,1,alpha-beta pruning,expectimax minimax
False,0.06596159934997559,1,alpha-beta pruning,expectimax minimax
False,0.08800506591796875,1,alpha-beta pruning,expectimax minimax
False,0.08894491195678711,1,alpha-beta pruning,expectimax minimax
False,0.07295417785644531,1,alpha-beta pruning,expectimax minimax
False,0.05096769332885742,1,alpha-beta pruning,expectimax minimax
False,0.047968387603759766,1,alpha-beta pruning,expectimax minimax
False,0.04597139358520508,1,alpha-beta pruning,expectimax minimax
False,0.044971466064453125,1,alpha-beta pruning,expectimax minimax
False,0.04497241973876953,1,alpha-beta pruning,expectimax minimax
False,0.044254302978515625,1,alpha-beta pruning,expectimax minimax
False,0.04497122764587402,1,alpha-beta pruning,expectimax minimax
False,0.06603527069091797,1,alpha-beta pruning,expectimax minimax
False,0.06496000289916992,1,alpha-beta pruning,expectimax minimax
False,0.06496047973632812,1,alpha-beta pruning,expectimax minimax
False,0.04410052299499512,1,alpha-beta pruning,expectimax minimax
False,0.04397416114807129,1,alpha-beta pruning,expectimax minimax
False,0.04303479194641113,1,alpha-beta pruning,expectimax minimax
False,0.04497194290161133,1,alpha-beta pruning,expectimax minimax
False,0.04403042793273926,1,alpha-beta pruning,expectimax minimax
False,0.043975114822387695,1,alpha-beta pruning,expectimax minimax
False,0.04397273063659668,1,alpha-beta pruning,expectimax minimax
False,0.06502532958984375,1,alpha-beta pruning,expectimax minimax
False,0.06697821617126465,1,alpha-beta pruning,expectimax minimax
False,0.06595873832702637,1,alpha-beta pruning,expectimax minimax
False,0.04608464241027832,1,alpha-beta pruning,expectimax minimax
False,0.014990568161010742,1,alpha-beta pruning,expectimax minimax
False,0.02098679542541504,1,alpha-beta pruning,expectimax minimax
False,0.04512190818786621,1,alpha-beta pruning,expectimax minimax
False,0.04497408866882324,1,alpha-beta pruning,expectimax minimax
False,0.0689537525177002,1,alpha-beta pruning,expectimax minimax
False,0.0680842399597168,1,alpha-beta pruning,expectimax minimax
False,0.08794617652893066,1,alpha-beta pruning,expectimax minimax
False,0.12829947471618652,1,alpha-beta pruning,expectimax minimax
False,0.019987821578979492,1,alpha-beta pruning,expectimax minimax
False,0.01199030876159668,1,alpha-beta pruning,expectimax minimax
False,0.011857986450195312,1,alpha-beta pruning,expectimax minimax
False,0.011992454528808594,1,alpha-beta pruning,expectimax minimax
False,0.011988401412963867,1,alpha-beta pruning,expectimax minimax
False,0.011986970901489258,1,alpha-beta pruning,expectimax minimax
False,0.011991024017333984,1,alpha-beta pruning,expectimax minimax
False,0.011989831924438477,1,alpha-beta pruning,expectimax minimax
False,0.019989967346191406,1,alpha-beta pruning,expectimax minimax
False,0.01998591423034668,1,alpha-beta pruning,expectimax minimax
False,0.019987821578979492,1,alpha-beta pruning,expectimax minimax
False,0.019988059997558594,1,alpha-beta pruning,expectimax minimax
False,0.020983457565307617,1,alpha-beta pruning,expectimax minimax
False,0.01998591423034668,1,alpha-beta pruning,expectimax minimax
False,0.020978212356567383,1,alpha-beta pruning,expectimax minimax
False,0.019988536834716797,1,alpha-beta pruning,expectimax minimax
False,0.019985675811767578,1,alpha-beta pruning,expectimax minimax
False,0.020982027053833008,1,alpha-beta pruning,expectimax minimax
False,0.028981447219848633,1,alpha-beta pruning,expectimax minimax
False,0.02898097038269043,1,alpha-beta pruning,expectimax minimax
False,0.028979063034057617,1,alpha-beta pruning,expectimax minimax
False,0.028981685638427734,1,alpha-beta pruning,expectimax minimax
False,0.019986867904663086,1,alpha-beta pruning,expectimax minimax
False,0.02098846435546875,1,alpha-beta pruning,expectimax minimax
False,0.019991159439086914,1,alpha-beta pruning,expectimax minimax
False,0.019981861114501953,1,alpha-beta pruning,expectimax minimax
False,0.020986318588256836,1,alpha-beta pruning,expectimax minimax
False,0.02198624610900879,1,alpha-beta pruning,expectimax minimax
False,0.02998065948486328,1,alpha-beta pruning,expectimax minimax
False,0.028981924057006836,1,alpha-beta pruning,expectimax minimax
False,0.05096745491027832,1,alpha-beta pruning,expectimax minimax
False,0.024983882904052734,1,alpha-beta pruning,expectimax minimax
False,0.021291255950927734,1,alpha-beta pruning,expectimax minimax
False,0.020986318588256836,1,alpha-beta pruning,expectimax minimax
False,0.020986557006835938,1,alpha-beta pruning,expectimax minimax
False,0.020992517471313477,1,alpha-beta pruning,expectimax minimax
False,0.020990848541259766,1,alpha-beta pruning,expectimax minimax
False,0.0199887752532959,1,alpha-beta pruning,expectimax minimax
False,0.028980493545532227,1,alpha-beta pruning,expectimax minimax
False,0.028980731964111328,1,alpha-beta pruning,expectimax minimax
False,0.028980493545532227,1,alpha-beta pruning,expectimax minimax
False,0.020992517471313477,1,alpha-beta pruning,expectimax minimax
False,0.021155357360839844,1,alpha-beta pruning,expectimax minimax
False,0.01998758316040039,1,alpha-beta pruning,expectimax minimax
False,0.020981788635253906,1,alpha-beta pruning,expectimax minimax
False,0.01998758316040039,1,alpha-beta pruning,expectimax minimax
False,0.019987821578979492,1,alpha-beta pruning,expectimax minimax
False,0.019989490509033203,1,alpha-beta pruning,expectimax minimax
False,0.027981996536254883,1,alpha-beta pruning,expectimax minimax
False,0.02798008918762207,1,alpha-beta pruning,expectimax minimax
False,0.030977964401245117,1,alpha-beta pruning,expectimax minimax
False,0.020982027053833008,1,alpha-beta pruning,expectimax minimax
False,0.021986722946166992,1,alpha-beta pruning,expectimax minimax
False,0.020986080169677734,1,alpha-beta pruning,expectimax minimax
False,0.019986629486083984,1,alpha-beta pruning,expectimax minimax
False,0.019985675811767578,1,alpha-beta pruning,expectimax minimax
False,0.02098846435546875,1,alpha-beta pruning,expectimax minimax
False,0.04398083686828613,1,alpha-beta pruning,expectimax minimax
False,0.05296683311462402,1,alpha-beta pruning,expectimax minimax
False,0.05096745491027832,1,alpha-beta pruning,expectimax minimax
False,0.05007123947143555,1,alpha-beta pruning,expectimax minimax
False,0.041971683502197266,1,alpha-beta pruning,expectimax minimax
False,0.042971134185791016,1,alpha-beta pruning,expectimax minimax
False,0.04203605651855469,1,alpha-beta pruning,expectimax minimax
False,0.04197382926940918,1,alpha-beta pruning,expectimax minimax
False,0.04103708267211914,1,alpha-beta pruning,expectimax minimax
False,0.04197382926940918,1,alpha-beta pruning,expectimax minimax
False,0.04203200340270996,1,alpha-beta pruning,expectimax minimax
False,0.05196690559387207,1,alpha-beta pruning,expectimax minimax
False,0.04203653335571289,1,alpha-beta pruning,expectimax minimax
False,0.18194866180419922,2,alpha-beta pruning,expectimax minimax
False,0.18201732635498047,2,alpha-beta pruning,expectimax minimax
False,0.18189024925231934,2,alpha-beta pruning,expectimax minimax
False,0.18111276626586914,2,alpha-beta pruning,expectimax minimax
False,0.18300271034240723,2,alpha-beta pruning,expectimax minimax
False,0.18101859092712402,2,alpha-beta pruning,expectimax minimax
False,0.18189477920532227,2,alpha-beta pruning,expectimax minimax
False,0.18206167221069336,2,alpha-beta pruning,expectimax minimax
False,0.27001047134399414,2,alpha-beta pruning,expectimax minimax
False,0.012994050979614258,1,alpha-beta pruning,expectimax minimax
False,0.06995654106140137,1,alpha-beta pruning,expectimax minimax
False,0.07495236396789551,1,alpha-beta pruning,expectimax minimax
False,0.08394932746887207,1,alpha-beta pruning,expectimax minimax
False,0.07395267486572266,1,alpha-beta pruning,expectimax minimax
False,0.01798868179321289,1,alpha-beta pruning,expectimax minimax
False,0.010992050170898438,1,alpha-beta pruning,expectimax minimax
False,0.00999307632446289,1,alpha-beta pruning,expectimax minimax
False,0.010993719100952148,1,alpha-beta pruning,expectimax minimax
False,0.04497098922729492,1,alpha-beta pruning,expectimax minimax
False,0.04896974563598633,1,alpha-beta pruning,expectimax minimax
False,0.10193657875061035,1,alpha-beta pruning,expectimax minimax
False,0.09394216537475586,1,alpha-beta pruning,expectimax minimax
False,0.1249234676361084,1,alpha-beta pruning,expectimax minimax
False,0.10393428802490234,1,alpha-beta pruning,expectimax minimax
False,0.0949394702911377,1,alpha-beta pruning,expectimax minimax
False,0.09594011306762695,1,alpha-beta pruning,expectimax minimax
False,0.09294295310974121,1,alpha-beta pruning,expectimax minimax
False,0.09394073486328125,1,alpha-beta pruning,expectimax minimax
False,0.09393882751464844,1,alpha-beta pruning,expectimax minimax
False,0.09294462203979492,1,alpha-beta pruning,expectimax minimax
False,0.15190649032592773,1,alpha-beta pruning,expectimax minimax
False,0.15190720558166504,1,alpha-beta pruning,expectimax minimax
False,0.17389154434204102,1,alpha-beta pruning,expectimax minimax
False,0.17289304733276367,1,alpha-beta pruning,expectimax minimax
False,0.11492657661437988,1,alpha-beta pruning,expectimax minimax
False,0.1109321117401123,1,alpha-beta pruning,expectimax minimax
False,0.11092805862426758,1,alpha-beta pruning,expectimax minimax
False,0.1129295825958252,1,alpha-beta pruning,expectimax minimax
False,0.1109306812286377,1,alpha-beta pruning,expectimax minimax
False,0.11193060874938965,1,alpha-beta pruning,expectimax minimax
False,0.16689682006835938,1,alpha-beta pruning,expectimax minimax
False,0.16989541053771973,1,alpha-beta pruning,expectimax minimax
False,0.17090153694152832,1,alpha-beta pruning,expectimax minimax
False,0.16889500617980957,1,alpha-beta pruning,expectimax minimax
False,0.16889643669128418,1,alpha-beta pruning,expectimax minimax
False,0.17189431190490723,1,alpha-beta pruning,expectimax minimax
False,0.18688559532165527,1,alpha-beta pruning,expectimax minimax
False,0.21686506271362305,1,alpha-beta pruning,expectimax minimax
False,0.2118687629699707,1,alpha-beta pruning,expectimax minimax
False,0.2138664722442627,1,alpha-beta pruning,expectimax minimax
False,0.27283191680908203,1,alpha-beta pruning,expectimax minimax
False,0.24884629249572754,1,alpha-beta pruning,expectimax minimax
False,0.25084352493286133,1,alpha-beta pruning,expectimax minimax
False,0.19088244438171387,1,alpha-beta pruning,expectimax minimax
False,0.1918799877166748,1,alpha-beta pruning,expectimax minimax
False,0.1029362678527832,1,alpha-beta pruning,expectimax minimax
False,0.08194923400878906,1,alpha-beta pruning,expectimax minimax
False,0.07895016670227051,1,alpha-beta pruning,expectimax minimax
False,0.1029348373413086,1,alpha-beta pruning,expectimax minimax
False,0.1009371280670166,1,alpha-beta pruning,expectimax minimax
False,0.16089844703674316,1,alpha-beta pruning,expectimax minimax
False,0.17389273643493652,1,alpha-beta pruning,expectimax minimax
False,0.17488837242126465,1,alpha-beta pruning,expectimax minimax
False,0.17589116096496582,1,alpha-beta pruning,expectimax minimax
False,0.17389130592346191,1,alpha-beta pruning,expectimax minimax
False,0.17489290237426758,1,alpha-beta pruning,expectimax minimax
False,0.1758887767791748,1,alpha-beta pruning,expectimax minimax
False,0.17489218711853027,1,alpha-beta pruning,expectimax minimax
False,0.17589068412780762,1,alpha-beta pruning,expectimax minimax
False,0.15290546417236328,1,alpha-beta pruning,expectimax minimax
False,0.1998765468597412,1,alpha-beta pruning,expectimax minimax
False,0.2058706283569336,1,alpha-beta pruning,expectimax minimax
False,0.20087504386901855,1,alpha-beta pruning,expectimax minimax
False,0.1758899688720703,1,alpha-beta pruning,expectimax minimax
False,0.012991905212402344,1,alpha-beta pruning,expectimax minimax
False,0.008992195129394531,1,alpha-beta pruning,expectimax minimax
False,0.09393906593322754,1,alpha-beta pruning,expectimax minimax
False,0.09594154357910156,1,alpha-beta pruning,expectimax minimax
False,0.09794116020202637,1,alpha-beta pruning,expectimax minimax
False,0.09394216537475586,1,alpha-beta pruning,expectimax minimax
False,0.1369163990020752,1,alpha-beta pruning,expectimax minimax
False,0.1329176425933838,1,alpha-beta pruning,expectimax minimax
False,0.13591694831848145,1,alpha-beta pruning,expectimax minimax
False,0.13791322708129883,1,alpha-beta pruning,expectimax minimax
False,0.1129307746887207,1,alpha-beta pruning,expectimax minimax
False,0.11292266845703125,1,alpha-beta pruning,expectimax minimax
False,0.06995677947998047,1,alpha-beta pruning,expectimax minimax
False,0.06795597076416016,1,alpha-beta pruning,expectimax minimax
False,0.06895589828491211,1,alpha-beta pruning,expectimax minimax
False,0.003992795944213867,1,alpha-beta pruning,expectimax minimax
False,0.043970584869384766,1,alpha-beta pruning,expectimax minimax
False,0.04397249221801758,1,alpha-beta pruning,expectimax minimax
False,0.04397273063659668,1,alpha-beta pruning,expectimax minimax
False,0.04497170448303223,1,alpha-beta pruning,expectimax minimax
False,0.044971466064453125,1,alpha-beta pruning,expectimax minimax
False,0.04497385025024414,1,alpha-beta pruning,expectimax minimax
False,0.04397273063659668,1,alpha-beta pruning,expectimax minimax
False,0.04397177696228027,1,alpha-beta pruning,expectimax minimax
False,0.04797005653381348,1,alpha-beta pruning,expectimax minimax
False,0.043974876403808594,1,alpha-beta pruning,expectimax minimax
False,0.08794450759887695,1,alpha-beta pruning,expectimax minimax
False,0.08594655990600586,1,alpha-beta pruning,expectimax minimax
False,0.08594608306884766,1,alpha-beta pruning,expectimax minimax
False,0.08525681495666504,1,alpha-beta pruning,expectimax minimax
False,0.08694219589233398,1,alpha-beta pruning,expectimax minimax
False,0.08394885063171387,1,alpha-beta pruning,expectimax minimax
False,0.08594584465026855,1,alpha-beta pruning,expectimax minimax
False,0.08494853973388672,1,alpha-beta pruning,expectimax minimax
False,0.08794546127319336,1,alpha-beta pruning,expectimax minimax
False,0.08494973182678223,1,alpha-beta pruning,expectimax minimax
False,0.12891840934753418,1,alpha-beta pruning,expectimax minimax
False,0.12487936019897461,1,alpha-beta pruning,expectimax minimax
False,0.08594679832458496,1,alpha-beta pruning,expectimax minimax
False,0.08595514297485352,1,alpha-beta pruning,expectimax minimax
False,0.08594512939453125,1,alpha-beta pruning,expectimax minimax
False,0.08615303039550781,1,alpha-beta pruning,expectimax minimax
False,0.0889434814453125,1,alpha-beta pruning,expectimax minimax
False,0.08507776260375977,1,alpha-beta pruning,expectimax minimax
False,0.08895111083984375,1,alpha-beta pruning,expectimax minimax
False,0.08804941177368164,1,alpha-beta pruning,expectimax minimax
False,0.12524151802062988,1,alpha-beta pruning,expectimax minimax
False,0.058962345123291016,1,alpha-beta pruning,expectimax minimax
False,0.021984100341796875,1,alpha-beta pruning,expectimax minimax
False,0.02198505401611328,1,alpha-beta pruning,expectimax minimax
False,0.022986173629760742,1,alpha-beta pruning,expectimax minimax
False,0.02298593521118164,1,alpha-beta pruning,expectimax minimax
False,0.022982358932495117,1,alpha-beta pruning,expectimax minimax
False,0.023984432220458984,1,alpha-beta pruning,expectimax minimax
False,0.021990537643432617,1,alpha-beta pruning,expectimax minimax
False,0.022983789443969727,1,alpha-beta pruning,expectimax minimax
False,0.04297447204589844,1,alpha-beta pruning,expectimax minimax
False,0.04297232627868652,1,alpha-beta pruning,expectimax minimax
False,0.042971134185791016,1,alpha-beta pruning,expectimax minimax
False,0.043723106384277344,1,alpha-beta pruning,expectimax minimax
False,0.042972564697265625,1,alpha-beta pruning,expectimax minimax
False,0.044019222259521484,1,alpha-beta pruning,expectimax minimax
False,0.04397225379943848,1,alpha-beta pruning,expectimax minimax
False,0.044972896575927734,1,alpha-beta pruning,expectimax minimax
False,0.04197263717651367,1,alpha-beta pruning,expectimax minimax
False,0.04297494888305664,1,alpha-beta pruning,expectimax minimax
False,0.06396079063415527,1,alpha-beta pruning,expectimax minimax
False,0.06395983695983887,1,alpha-beta pruning,expectimax minimax
False,0.06296038627624512,1,alpha-beta pruning,expectimax minimax
False,0.04297924041748047,1,alpha-beta pruning,expectimax minimax
False,0.04497194290161133,1,alpha-beta pruning,expectimax minimax
False,0.04290175437927246,1,alpha-beta pruning,expectimax minimax
False,0.04397153854370117,1,alpha-beta pruning,expectimax minimax
False,0.0429837703704834,1,alpha-beta pruning,expectimax minimax
False,0.043975114822387695,1,alpha-beta pruning,expectimax minimax
False,0.042973995208740234,1,alpha-beta pruning,expectimax minimax
False,0.017988204956054688,1,alpha-beta pruning,expectimax minimax
False,0.019986629486083984,1,alpha-beta pruning,expectimax minimax
False,0.01798725128173828,1,alpha-beta pruning,expectimax minimax
False,0.01798844337463379,1,alpha-beta pruning,expectimax minimax
False,0.0179903507232666,1,alpha-beta pruning,expectimax minimax
False,0.017988920211791992,1,alpha-beta pruning,expectimax minimax
False,0.018986940383911133,1,alpha-beta pruning,expectimax minimax
False,0.0179903507232666,1,alpha-beta pruning,expectimax minimax
False,0.016989946365356445,1,alpha-beta pruning,expectimax minimax
False,0.01797175407409668,1,alpha-beta pruning,expectimax minimax
False,0.025983572006225586,1,alpha-beta pruning,expectimax minimax
False,0.02598404884338379,1,alpha-beta pruning,expectimax minimax
False,0.02598428726196289,1,alpha-beta pruning,expectimax minimax
False,0.01698899269104004,1,alpha-beta pruning,expectimax minimax
False,0.016988515853881836,1,alpha-beta pruning,expectimax minimax
False,0.04196596145629883,1,alpha-beta pruning,expectimax minimax
False,0.04097628593444824,1,alpha-beta pruning,expectimax minimax
False,0.039974212646484375,1,alpha-beta pruning,expectimax minimax
False,0.039975643157958984,1,alpha-beta pruning,expectimax minimax
False,0.039975881576538086,1,alpha-beta pruning,expectimax minimax
False,0.048970699310302734,1,alpha-beta pruning,expectimax minimax
False,0.053966522216796875,1,alpha-beta pruning,expectimax minimax
False,0.047969818115234375,1,alpha-beta pruning,expectimax minimax
False,0.03997397422790527,1,alpha-beta pruning,expectimax minimax
False,0.03997540473937988,1,alpha-beta pruning,expectimax minimax
False,0.04197382926940918,1,alpha-beta pruning,expectimax minimax
False,0.03997397422790527,1,alpha-beta pruning,expectimax minimax
False,0.03997302055358887,1,alpha-beta pruning,expectimax minimax
False,0.04097342491149902,1,alpha-beta pruning,expectimax minimax
False,0.04297208786010742,1,alpha-beta pruning,expectimax minimax
False,0.05096721649169922,1,alpha-beta pruning,expectimax minimax
False,0.04927492141723633,1,alpha-beta pruning,expectimax minimax
False,0.04896807670593262,1,alpha-beta pruning,expectimax minimax
False,0.04098010063171387,1,alpha-beta pruning,expectimax minimax
False,0.03897356986999512,1,alpha-beta pruning,expectimax minimax
False,0.04097485542297363,1,alpha-beta pruning,expectimax minimax
False,0.04001736640930176,1,alpha-beta pruning,expectimax minimax
False,0.017987966537475586,1,alpha-beta pruning,expectimax minimax
False,0.01798868179321289,1,alpha-beta pruning,expectimax minimax
False,0.016987323760986328,1,alpha-beta pruning,expectimax minimax
False,0.02798318862915039,1,alpha-beta pruning,expectimax minimax
False,0.025979042053222656,1,alpha-beta pruning,expectimax minimax
False,0.025983333587646484,1,alpha-beta pruning,expectimax minimax
False,0.01796698570251465,1,alpha-beta pruning,expectimax minimax
False,0.01698589324951172,1,alpha-beta pruning,expectimax minimax
False,0.019988059997558594,1,alpha-beta pruning,expectimax minimax
False,0.01798844337463379,1,alpha-beta pruning,expectimax minimax
False,0.018987178802490234,1,alpha-beta pruning,expectimax minimax
False,0.017375707626342773,1,alpha-beta pruning,expectimax minimax
False,0.01798725128173828,1,alpha-beta pruning,expectimax minimax
False,0.025983572006225586,1,alpha-beta pruning,expectimax minimax
False,0.024983882904052734,1,alpha-beta pruning,expectimax minimax
False,0.028980493545532227,1,alpha-beta pruning,expectimax minimax
False,0.0199582576751709,1,alpha-beta pruning,expectimax minimax
False,0.016988277435302734,1,alpha-beta pruning,expectimax minimax
False,0.01698756217956543,1,alpha-beta pruning,expectimax minimax
False,0.018985271453857422,1,alpha-beta pruning,expectimax minimax
False,0.01698899269104004,1,alpha-beta pruning,expectimax minimax
False,0.0179901123046875,1,alpha-beta pruning,expectimax minimax
False,0.01698899269104004,1,alpha-beta pruning,expectimax minimax
False,0.027988672256469727,1,alpha-beta pruning,expectimax minimax
False,0.02698349952697754,1,alpha-beta pruning,expectimax minimax
False,0.026983261108398438,1,alpha-beta pruning,expectimax minimax
False,0.018988847732543945,1,alpha-beta pruning,expectimax minimax
False,0.018392086029052734,1,alpha-beta pruning,expectimax minimax
False,0.024984121322631836,1,alpha-beta pruning,expectimax minimax
False,0.016988039016723633,1,alpha-beta pruning,expectimax minimax
False,0.017988920211791992,1,alpha-beta pruning,expectimax minimax
False,0.0179903507232666,1,alpha-beta pruning,expectimax minimax
False,0.018995285034179688,1,alpha-beta pruning,expectimax minimax
False,0.025983810424804688,1,alpha-beta pruning,expectimax minimax
False,0.02697896957397461,1,alpha-beta pruning,expectimax minimax
False,0.026984453201293945,1,alpha-beta pruning,expectimax minimax
False,0.018072128295898438,1,alpha-beta pruning,expectimax minimax
False,0.017988204956054688,1,alpha-beta pruning,expectimax minimax
False,0.017987966537475586,1,alpha-beta pruning,expectimax minimax
False,0.017989158630371094,1,alpha-beta pruning,expectimax minimax
False,0.04098916053771973,1,alpha-beta pruning,expectimax minimax
False,0.04097580909729004,1,alpha-beta pruning,expectimax minimax
False,0.04097414016723633,1,alpha-beta pruning,expectimax minimax
False,0.049970149993896484,1,alpha-beta pruning,expectimax minimax
False,0.04896974563598633,1,alpha-beta pruning,expectimax minimax
False,0.04996919631958008,1,alpha-beta pruning,expectimax minimax
False,0.04222846031188965,1,alpha-beta pruning,expectimax minimax
False,0.039972543716430664,1,alpha-beta pruning,expectimax minimax
False,0.03997468948364258,1,alpha-beta pruning,expectimax minimax
False,0.03997445106506348,1,alpha-beta pruning,expectimax minimax
False,0.03897523880004883,1,alpha-beta pruning,expectimax minimax
False,0.04108142852783203,1,alpha-beta pruning,expectimax minimax
False,0.04197406768798828,1,alpha-beta pruning,expectimax minimax
False,0.04786419868469238,1,alpha-beta pruning,expectimax minimax
False,0.04796957969665527,1,alpha-beta pruning,expectimax minimax
False,0.04802393913269043,1,alpha-beta pruning,expectimax minimax
False,0.0409703254699707,1,alpha-beta pruning,expectimax minimax
False,0.04097485542297363,1,alpha-beta pruning,expectimax minimax
False,0.0399937629699707,1,alpha-beta pruning,expectimax minimax
False,0.004997730255126953,1,alpha-beta pruning,expectimax minimax
False,0.0039997100830078125,1,alpha-beta pruning,expectimax minimax
False,0.038491010665893555,1,alpha-beta pruning,expectimax minimax
False,0.020987272262573242,1,alpha-beta pruning,expectimax minimax
False,0.025980710983276367,1,alpha-beta pruning,expectimax minimax
False,0.026982784271240234,1,alpha-beta pruning,expectimax minimax
False,0.026063203811645508,1,alpha-beta pruning,expectimax minimax
False,0.01898932456970215,1,alpha-beta pruning,expectimax minimax
False,0.017987489700317383,1,alpha-beta pruning,expectimax minimax
False,0.01798868179321289,1,alpha-beta pruning,expectimax minimax
False,0.018050432205200195,1,alpha-beta pruning,expectimax minimax
False,0.017987966537475586,1,alpha-beta pruning,expectimax minimax
False,0.019985675811767578,1,alpha-beta pruning,expectimax minimax
False,0.018986225128173828,1,alpha-beta pruning,expectimax minimax
False,0.026982545852661133,1,alpha-beta pruning,expectimax minimax
False,0.025981903076171875,1,alpha-beta pruning,expectimax minimax
False,0.02798151969909668,1,alpha-beta pruning,expectimax minimax
False,0.017988204956054688,1,alpha-beta pruning,expectimax minimax
False,0.016988754272460938,1,alpha-beta pruning,expectimax minimax
False,0.018088817596435547,1,alpha-beta pruning,expectimax minimax
False,0.019989490509033203,1,alpha-beta pruning,expectimax minimax
False,0.01798844337463379,1,alpha-beta pruning,expectimax minimax
False,0.017991304397583008,1,alpha-beta pruning,expectimax minimax
False,0.017988204956054688,1,alpha-beta pruning,expectimax minimax
False,0.03010082244873047,1,alpha-beta pruning,expectimax minimax
False,0.026980876922607422,1,alpha-beta pruning,expectimax minimax
False,0.025985002517700195,1,alpha-beta pruning,expectimax minimax
False,0.0179901123046875,1,alpha-beta pruning,expectimax minimax
False,0.018986225128173828,1,alpha-beta pruning,expectimax minimax
False,0.016988754272460938,1,alpha-beta pruning,expectimax minimax
False,0.01898646354675293,1,alpha-beta pruning,expectimax minimax
False,0.018935203552246094,1,alpha-beta pruning,expectimax minimax
False,0.0179901123046875,1,alpha-beta pruning,expectimax minimax
False,0.01899099349975586,1,alpha-beta pruning,expectimax minimax
False,0.027978897094726562,1,alpha-beta pruning,expectimax minimax
False,0.027981281280517578,1,alpha-beta pruning,expectimax minimax
False,0.02698206901550293,1,alpha-beta pruning,expectimax minimax
False,0.017993450164794922,1,alpha-beta pruning,expectimax minimax
False,0.017987728118896484,1,alpha-beta pruning,expectimax minimax
False,0.01898813247680664,1,alpha-beta pruning,expectimax minimax
False,0.018984556198120117,1,alpha-beta pruning,expectimax minimax
False,0.017987489700317383,1,alpha-beta pruning,expectimax minimax
False,0.017987728118896484,1,alpha-beta pruning,expectimax minimax
False,0.01898932456970215,1,alpha-beta pruning,expectimax minimax
False,0.02698230743408203,1,alpha-beta pruning,expectimax minimax
False,0.026991605758666992,1,alpha-beta pruning,expectimax minimax
False,0.02698230743408203,1,alpha-beta pruning,expectimax minimax
False,0.01898670196533203,1,alpha-beta pruning,expectimax minimax
False,0.016988515853881836,1,alpha-beta pruning,expectimax minimax
False,0.017987728118896484,1,alpha-beta pruning,expectimax minimax
False,0.017986774444580078,1,alpha-beta pruning,expectimax minimax
False,0.018990755081176758,1,alpha-beta pruning,expectimax minimax
False,0.01898789405822754,1,alpha-beta pruning,expectimax minimax
False,0.017986774444580078,1,alpha-beta pruning,expectimax minimax
False,0.025982141494750977,1,alpha-beta pruning,expectimax minimax
False,0.027985095977783203,1,alpha-beta pruning,expectimax minimax
False,0.027980804443359375,1,alpha-beta pruning,expectimax minimax
False,0.01898646354675293,1,alpha-beta pruning,expectimax minimax
False,0.017987966537475586,1,alpha-beta pruning,expectimax minimax
False,0.01898646354675293,1,alpha-beta pruning,expectimax minimax
False,0.01798844337463379,1,alpha-beta pruning,expectimax minimax
False,0.017987728118896484,1,alpha-beta pruning,expectimax minimax
False,0.017988920211791992,1,alpha-beta pruning,expectimax minimax
False,0.0179901123046875,1,alpha-beta pruning,expectimax minimax
False,0.026983022689819336,1,alpha-beta pruning,expectimax minimax
False,0.025982141494750977,1,alpha-beta pruning,expectimax minimax
False,0.025982379913330078,1,alpha-beta pruning,expectimax minimax
False,0.01798844337463379,1,alpha-beta pruning,expectimax minimax
False,0.019986391067504883,1,alpha-beta pruning,expectimax minimax
False,0.02098822593688965,1,alpha-beta pruning,expectimax minimax
False,0.01798844337463379,1,alpha-beta pruning,expectimax minimax
False,0.01898932456970215,1,alpha-beta pruning,expectimax minimax
False,0.01798868179321289,1,alpha-beta pruning,expectimax minimax
False,0.017989158630371094,1,alpha-beta pruning,expectimax minimax
False,0.026982784271240234,1,alpha-beta pruning,expectimax minimax
False,0.026981353759765625,1,alpha-beta pruning,expectimax minimax
False,0.02698493003845215,1,alpha-beta pruning,expectimax minimax
False,0.017988204956054688,1,alpha-beta pruning,expectimax minimax
False,0.019986629486083984,1,alpha-beta pruning,expectimax minimax
False,0.01798868179321289,1,alpha-beta pruning,expectimax minimax
False,0.017989397048950195,1,alpha-beta pruning,expectimax minimax
False,0.017989158630371094,1,alpha-beta pruning,expectimax minimax
False,0.018989086151123047,1,alpha-beta pruning,expectimax minimax
False,0.0179898738861084,1,alpha-beta pruning,expectimax minimax
False,0.026979923248291016,1,alpha-beta pruning,expectimax minimax
False,0.028981685638427734,1,alpha-beta pruning,expectimax minimax
False,0.02698230743408203,1,alpha-beta pruning,expectimax minimax
False,0.017988204956054688,1,alpha-beta pruning,expectimax minimax
False,0.018988609313964844,1,alpha-beta pruning,expectimax minimax
False,0.018986225128173828,1,alpha-beta pruning,expectimax minimax
False,0.01798868179321289,1,alpha-beta pruning,expectimax minimax
False,0.016988754272460938,1,alpha-beta pruning,expectimax minimax
False,0.017980575561523438,1,alpha-beta pruning,expectimax minimax
False,0.017991065979003906,1,alpha-beta pruning,expectimax minimax
False,0.025974512100219727,1,alpha-beta pruning,expectimax minimax
False,0.02697443962097168,1,alpha-beta pruning,expectimax minimax
False,0.028980731964111328,1,alpha-beta pruning,expectimax minimax
False,0.01798725128173828,1,alpha-beta pruning,expectimax minimax
False,0.017992019653320312,1,alpha-beta pruning,expectimax minimax
False,0.017989158630371094,1,alpha-beta pruning,expectimax minimax
False,0.01798844337463379,1,alpha-beta pruning,expectimax minimax
False,0.017989158630371094,1,alpha-beta pruning,expectimax minimax
False,0.017989158630371094,1,alpha-beta pruning,expectimax minimax
False,0.01998448371887207,1,alpha-beta pruning,expectimax minimax
False,0.026983976364135742,1,alpha-beta pruning,expectimax minimax
False,0.027980566024780273,1,alpha-beta pruning,expectimax minimax
False,0.025983333587646484,1,alpha-beta pruning,expectimax minimax
False,0.017987728118896484,1,alpha-beta pruning,expectimax minimax
False,0.01798701286315918,1,alpha-beta pruning,expectimax minimax
False,0.01898932456970215,1,alpha-beta pruning,expectimax minimax
False,0.018986940383911133,1,alpha-beta pruning,expectimax minimax
False,0.01898813247680664,1,alpha-beta pruning,expectimax minimax
False,0.01798868179321289,1,alpha-beta pruning,expectimax minimax
False,0.01798868179321289,1,alpha-beta pruning,expectimax minimax
False,0.026981115341186523,1,alpha-beta pruning,expectimax minimax
False,0.026983261108398438,1,alpha-beta pruning,expectimax minimax
False,0.026982784271240234,1,alpha-beta pruning,expectimax minimax
False,0.017986297607421875,1,alpha-beta pruning,expectimax minimax
False,0.01898813247680664,1,alpha-beta pruning,expectimax minimax
False,0.04197382926940918,1,alpha-beta pruning,expectimax minimax
False,0.04497122764587402,1,alpha-beta pruning,expectimax minimax
False,0.04197406768798828,1,alpha-beta pruning,expectimax minimax
False,0.04397177696228027,1,alpha-beta pruning,expectimax minimax
False,0.041037559509277344,1,alpha-beta pruning,expectimax minimax
False,0.05097055435180664,1,alpha-beta pruning,expectimax minimax
False,0.0500030517578125,1,alpha-beta pruning,expectimax minimax
False,0.05096840858459473,1,alpha-beta pruning,expectimax minimax
False,0.04098081588745117,1,alpha-beta pruning,expectimax minimax
False,0.04097557067871094,1,alpha-beta pruning,expectimax minimax
False,0.04097700119018555,1,alpha-beta pruning,expectimax minimax
False,0.041960716247558594,1,alpha-beta pruning,expectimax minimax
False,0.040973663330078125,1,alpha-beta pruning,expectimax minimax
False,0.04097461700439453,1,alpha-beta pruning,expectimax minimax
False,0.03997540473937988,1,alpha-beta pruning,expectimax minimax
False,0.05018496513366699,1,alpha-beta pruning,expectimax minimax
False,0.04896903038024902,1,alpha-beta pruning,expectimax minimax
False,0.04997062683105469,1,alpha-beta pruning,expectimax minimax
False,0.04097270965576172,1,alpha-beta pruning,expectimax minimax
False,0.003999233245849609,1,alpha-beta pruning,expectimax minimax
False,0.003994464874267578,1,alpha-beta pruning,expectimax minimax
False,0.03997230529785156,1,alpha-beta pruning,expectimax minimax
False,0.019054651260375977,1,alpha-beta pruning,expectimax minimax
False,0.017986059188842773,1,alpha-beta pruning,expectimax minimax
False,0.017989635467529297,1,alpha-beta pruning,expectimax minimax
False,0.026981592178344727,1,alpha-beta pruning,expectimax minimax
False,0.02598428726196289,1,alpha-beta pruning,expectimax minimax
False,0.025978565216064453,1,alpha-beta pruning,expectimax minimax
False,0.017986774444580078,1,alpha-beta pruning,expectimax minimax
False,0.01998734474182129,1,alpha-beta pruning,expectimax minimax
False,0.017988920211791992,1,alpha-beta pruning,expectimax minimax
False,0.018989086151123047,1,alpha-beta pruning,expectimax minimax
False,0.018988609313964844,1,alpha-beta pruning,expectimax minimax
False,0.017984628677368164,1,alpha-beta pruning,expectimax minimax
False,0.019987821578979492,1,alpha-beta pruning,expectimax minimax
False,0.025982141494750977,1,alpha-beta pruning,expectimax minimax
False,0.026983261108398438,1,alpha-beta pruning,expectimax minimax
False,0.02698206901550293,1,alpha-beta pruning,expectimax minimax
False,0.017989158630371094,1,alpha-beta pruning,expectimax minimax
False,0.018987417221069336,1,alpha-beta pruning,expectimax minimax
False,0.017989158630371094,1,alpha-beta pruning,expectimax minimax
False,0.018988370895385742,1,alpha-beta pruning,expectimax minimax
False,0.0179901123046875,1,alpha-beta pruning,expectimax minimax
False,0.018988609313964844,1,alpha-beta pruning,expectimax minimax
False,0.01798844337463379,1,alpha-beta pruning,expectimax minimax
False,0.0269927978515625,1,alpha-beta pruning,expectimax minimax
False,0.026981353759765625,1,alpha-beta pruning,expectimax minimax
False,0.026983261108398438,1,alpha-beta pruning,expectimax minimax
False,0.018988847732543945,1,alpha-beta pruning,expectimax minimax
False,0.01898813247680664,1,alpha-beta pruning,expectimax minimax
False,0.018985271453857422,1,alpha-beta pruning,expectimax minimax
False,0.018989086151123047,1,alpha-beta pruning,expectimax minimax
False,0.01898789405822754,1,alpha-beta pruning,expectimax minimax
False,0.020001888275146484,1,alpha-beta pruning,expectimax minimax
False,0.012992143630981445,1,alpha-beta pruning,expectimax minimax
False,0.004994869232177734,1,alpha-beta pruning,expectimax minimax
False,0.025981664657592773,1,alpha-beta pruning,expectimax minimax
False,0.028980493545532227,1,alpha-beta pruning,expectimax minimax
False,0.016990184783935547,1,alpha-beta pruning,expectimax minimax
False,0.016989469528198242,1,alpha-beta pruning,expectimax minimax
False,0.01699066162109375,1,alpha-beta pruning,expectimax minimax
False,0.019984960556030273,1,alpha-beta pruning,expectimax minimax
False,0.018991470336914062,1,alpha-beta pruning,expectimax minimax
False,0.017989158630371094,1,alpha-beta pruning,expectimax minimax
False,0.017987728118896484,1,alpha-beta pruning,expectimax minimax
False,0.026983022689819336,1,alpha-beta pruning,expectimax minimax
False,0.026982784271240234,1,alpha-beta pruning,expectimax minimax
False,0.027981042861938477,1,alpha-beta pruning,expectimax minimax
False,0.017987489700317383,1,alpha-beta pruning,expectimax minimax
False,0.01798844337463379,1,alpha-beta pruning,expectimax minimax
False,0.017986774444580078,1,alpha-beta pruning,expectimax minimax
False,0.02198624610900879,1,alpha-beta pruning,expectimax minimax
False,0.018988370895385742,1,alpha-beta pruning,expectimax minimax
False,0.017988204956054688,1,alpha-beta pruning,expectimax minimax
False,0.018989086151123047,1,alpha-beta pruning,expectimax minimax
False,0.030980825424194336,1,alpha-beta pruning,expectimax minimax
False,0.02698493003845215,1,alpha-beta pruning,expectimax minimax
False,0.026983976364135742,1,alpha-beta pruning,expectimax minimax
False,0.0179898738861084,1,alpha-beta pruning,expectimax minimax
False,0.018990755081176758,1,alpha-beta pruning,expectimax minimax
False,0.01798558235168457,1,alpha-beta pruning,expectimax minimax
False,0.017986536026000977,1,alpha-beta pruning,expectimax minimax
False,0.018988847732543945,1,alpha-beta pruning,expectimax minimax
False,0.020988941192626953,1,alpha-beta pruning,expectimax minimax
False,0.01798725128173828,1,alpha-beta pruning,expectimax minimax
False,0.026981353759765625,1,alpha-beta pruning,expectimax minimax
False,0.02598285675048828,1,alpha-beta pruning,expectimax minimax
False,0.025985002517700195,1,alpha-beta pruning,expectimax minimax
False,0.01998448371887207,1,alpha-beta pruning,expectimax minimax
False,0.017988920211791992,1,alpha-beta pruning,expectimax minimax
False,0.01898813247680664,1,alpha-beta pruning,expectimax minimax
False,0.018988847732543945,1,alpha-beta pruning,expectimax minimax
False,0.01698780059814453,1,alpha-beta pruning,expectimax minimax
False,0.019985437393188477,1,alpha-beta pruning,expectimax minimax
False,0.10493254661560059,2,alpha-beta pruning,expectimax minimax
False,0.20287418365478516,2,alpha-beta pruning,expectimax minimax
False,0.20287394523620605,2,alpha-beta pruning,expectimax minimax
False,0.2038733959197998,2,alpha-beta pruning,expectimax minimax
False,0.20185327529907227,2,alpha-beta pruning,expectimax minimax
False,0.22486209869384766,2,alpha-beta pruning,expectimax minimax
False,0.2258613109588623,2,alpha-beta pruning,expectimax minimax
False,0.23188138008117676,2,alpha-beta pruning,expectimax minimax
False,0.22686982154846191,2,alpha-beta pruning,expectimax minimax
False,0.22685933113098145,2,alpha-beta pruning,expectimax minimax
False,0.22424864768981934,2,alpha-beta pruning,expectimax minimax
False,0.012619972229003906,1,alpha-beta pruning,expectimax minimax
False,0.06600546836853027,1,alpha-beta pruning,expectimax minimax
False,0.06695795059204102,1,alpha-beta pruning,expectimax minimax
False,0.06795763969421387,1,alpha-beta pruning,expectimax minimax
False,0.06795597076416016,1,alpha-beta pruning,expectimax minimax
False,0.06595873832702637,1,alpha-beta pruning,expectimax minimax
False,0.06696009635925293,1,alpha-beta pruning,expectimax minimax
False,0.0669562816619873,1,alpha-beta pruning,expectimax minimax
False,0.06595706939697266,1,alpha-beta pruning,expectimax minimax
False,0.06695842742919922,1,alpha-beta pruning,expectimax minimax
False,0.06795716285705566,1,alpha-beta pruning,expectimax minimax
False,0.14291095733642578,1,alpha-beta pruning,expectimax minimax
False,0.14491009712219238,1,alpha-beta pruning,expectimax minimax
False,0.14490985870361328,1,alpha-beta pruning,expectimax minimax
False,0.14290261268615723,1,alpha-beta pruning,expectimax minimax
False,0.14591097831726074,1,alpha-beta pruning,expectimax minimax
False,0.14590954780578613,1,alpha-beta pruning,expectimax minimax
False,0.07595348358154297,1,alpha-beta pruning,expectimax minimax
False,0.07695269584655762,1,alpha-beta pruning,expectimax minimax
False,0.07695174217224121,1,alpha-beta pruning,expectimax minimax
False,0.0989382266998291,1,alpha-beta pruning,expectimax minimax
False,0.13991260528564453,1,alpha-beta pruning,expectimax minimax
False,0.14191198348999023,1,alpha-beta pruning,expectimax minimax
False,0.1409130096435547,1,alpha-beta pruning,expectimax minimax
False,0.13991308212280273,1,alpha-beta pruning,expectimax minimax
False,0.1389153003692627,1,alpha-beta pruning,expectimax minimax
False,0.14191102981567383,1,alpha-beta pruning,expectimax minimax
False,0.14291095733642578,1,alpha-beta pruning,expectimax minimax
False,0.13991427421569824,1,alpha-beta pruning,expectimax minimax
False,0.13991498947143555,1,alpha-beta pruning,expectimax minimax
False,0.14291095733642578,1,alpha-beta pruning,expectimax minimax
False,0.18188762664794922,1,alpha-beta pruning,expectimax minimax
False,0.10293745994567871,1,alpha-beta pruning,expectimax minimax
False,0.04297304153442383,1,alpha-beta pruning,expectimax minimax
False,0.041974544525146484,1,alpha-beta pruning,expectimax minimax
False,0.041973114013671875,1,alpha-beta pruning,expectimax minimax
False,0.04197335243225098,1,alpha-beta pruning,expectimax minimax
False,0.04197525978088379,1,alpha-beta pruning,expectimax minimax
False,0.04197287559509277,1,alpha-beta pruning,expectimax minimax
False,0.041974782943725586,1,alpha-beta pruning,expectimax minimax
False,0.04397153854370117,1,alpha-beta pruning,expectimax minimax
False,0.07695198059082031,1,alpha-beta pruning,expectimax minimax
False,0.07794928550720215,1,alpha-beta pruning,expectimax minimax
False,0.07795166969299316,1,alpha-beta pruning,expectimax minimax
False,0.042974233627319336,1,alpha-beta pruning,expectimax minimax
False,0.04297327995300293,1,alpha-beta pruning,expectimax minimax
False,0.042974233627319336,1,alpha-beta pruning,expectimax minimax
False,0.043972015380859375,1,alpha-beta pruning,expectimax minimax
False,0.04197359085083008,1,alpha-beta pruning,expectimax minimax
False,0.042973995208740234,1,alpha-beta pruning,expectimax minimax
False,0.042972564697265625,1,alpha-beta pruning,expectimax minimax
False,0.07595181465148926,1,alpha-beta pruning,expectimax minimax
False,0.07595276832580566,1,alpha-beta pruning,expectimax minimax
False,0.07595252990722656,1,alpha-beta pruning,expectimax minimax
False,0.07695293426513672,1,alpha-beta pruning,expectimax minimax
False,0.07695317268371582,1,alpha-beta pruning,expectimax minimax
False,0.03497767448425293,1,alpha-beta pruning,expectimax minimax
False,0.033979177474975586,1,alpha-beta pruning,expectimax minimax
False,0.03297829627990723,1,alpha-beta pruning,expectimax minimax
False,0.03397965431213379,1,alpha-beta pruning,expectimax minimax
False,0.033979177474975586,1,alpha-beta pruning,expectimax minimax
False,0.05895638465881348,1,alpha-beta pruning,expectimax minimax
False,0.03098130226135254,1,alpha-beta pruning,expectimax minimax
False,0.030981063842773438,1,alpha-beta pruning,expectimax minimax
False,0.030978679656982422,1,alpha-beta pruning,expectimax minimax
False,0.030978679656982422,1,alpha-beta pruning,expectimax minimax
False,0.030980348587036133,1,alpha-beta pruning,expectimax minimax
False,0.031978607177734375,1,alpha-beta pruning,expectimax minimax
False,0.034976959228515625,1,alpha-beta pruning,expectimax minimax
False,0.03297710418701172,1,alpha-beta pruning,expectimax minimax
False,0.03197979927062988,1,alpha-beta pruning,expectimax minimax
False,0.05696296691894531,1,alpha-beta pruning,expectimax minimax
False,0.05596590042114258,1,alpha-beta pruning,expectimax minimax
False,0.05696511268615723,1,alpha-beta pruning,expectimax minimax
False,0.05696558952331543,1,alpha-beta pruning,expectimax minimax
False,0.05696463584899902,1,alpha-beta pruning,expectimax minimax
False,0.05696582794189453,1,alpha-beta pruning,expectimax minimax
False,0.05696463584899902,1,alpha-beta pruning,expectimax minimax
False,0.05696296691894531,1,alpha-beta pruning,expectimax minimax
False,0.056964874267578125,1,alpha-beta pruning,expectimax minimax
False,0.05696439743041992,1,alpha-beta pruning,expectimax minimax
False,0.08194994926452637,1,alpha-beta pruning,expectimax minimax
False,0.08294987678527832,1,alpha-beta pruning,expectimax minimax
False,0.08094906806945801,1,alpha-beta pruning,expectimax minimax
False,0.05596566200256348,1,alpha-beta pruning,expectimax minimax
False,0.056964874267578125,1,alpha-beta pruning,expectimax minimax
False,0.05596566200256348,1,alpha-beta pruning,expectimax minimax
False,0.05596613883972168,1,alpha-beta pruning,expectimax minimax
False,0.05996131896972656,1,alpha-beta pruning,expectimax minimax
False,0.057962656021118164,1,alpha-beta pruning,expectimax minimax
False,0.05896139144897461,1,alpha-beta pruning,expectimax minimax
False,0.08194732666015625,1,alpha-beta pruning,expectimax minimax
False,0.08194684982299805,1,alpha-beta pruning,expectimax minimax
False,0.08194804191589355,1,alpha-beta pruning,expectimax minimax
False,0.056964874267578125,1,alpha-beta pruning,expectimax minimax
False,0.022985219955444336,1,alpha-beta pruning,expectimax minimax
False,0.02298569679260254,1,alpha-beta pruning,expectimax minimax
False,0.022984981536865234,1,alpha-beta pruning,expectimax minimax
False,0.022983312606811523,1,alpha-beta pruning,expectimax minimax
False,0.022986650466918945,1,alpha-beta pruning,expectimax minimax
False,0.023985862731933594,1,alpha-beta pruning,expectimax minimax
False,0.03997468948364258,1,alpha-beta pruning,expectimax minimax
False,0.06296110153198242,1,alpha-beta pruning,expectimax minimax
False,0.06296157836914062,1,alpha-beta pruning,expectimax minimax
False,0.06395983695983887,1,alpha-beta pruning,expectimax minimax
False,0.06495881080627441,1,alpha-beta pruning,expectimax minimax
False,0.06296086311340332,1,alpha-beta pruning,expectimax minimax
False,0.06096243858337402,1,alpha-beta pruning,expectimax minimax
False,0.06296277046203613,1,alpha-beta pruning,expectimax minimax
False,0.06096315383911133,1,alpha-beta pruning,expectimax minimax
False,0.06096148490905762,1,alpha-beta pruning,expectimax minimax
False,0.07995057106018066,1,alpha-beta pruning,expectimax minimax
False,0.07995104789733887,1,alpha-beta pruning,expectimax minimax
False,0.07895112037658691,1,alpha-beta pruning,expectimax minimax
False,0.0629584789276123,1,alpha-beta pruning,expectimax minimax
False,0.06496024131774902,1,alpha-beta pruning,expectimax minimax
False,0.06196117401123047,1,alpha-beta pruning,expectimax minimax
False,0.06296038627624512,1,alpha-beta pruning,expectimax minimax
False,0.06295990943908691,1,alpha-beta pruning,expectimax minimax
False,0.06196093559265137,1,alpha-beta pruning,expectimax minimax
False,0.0619661808013916,1,alpha-beta pruning,expectimax minimax
False,0.07895350456237793,1,alpha-beta pruning,expectimax minimax
False,0.07795214653015137,1,alpha-beta pruning,expectimax minimax
False,0.044971466064453125,1,alpha-beta pruning,expectimax minimax
False,0.013991117477416992,1,alpha-beta pruning,expectimax minimax
False,0.01299142837524414,1,alpha-beta pruning,expectimax minimax
False,0.01298975944519043,1,alpha-beta pruning,expectimax minimax
False,0.012988567352294922,1,alpha-beta pruning,expectimax minimax
False,0.013988971710205078,1,alpha-beta pruning,expectimax minimax
False,0.013991355895996094,1,alpha-beta pruning,expectimax minimax
False,0.013988018035888672,1,alpha-beta pruning,expectimax minimax
False,0.021986961364746094,1,alpha-beta pruning,expectimax minimax
False,0.02298736572265625,1,alpha-beta pruning,expectimax minimax
False,0.022984027862548828,1,alpha-beta pruning,expectimax minimax
False,0.021986961364746094,1,alpha-beta pruning,expectimax minimax
False,0.02198505401611328,1,alpha-beta pruning,expectimax minimax
False,0.022985219955444336,1,alpha-beta pruning,expectimax minimax
False,0.02298760414123535,1,alpha-beta pruning,expectimax minimax
False,0.023985862731933594,1,alpha-beta pruning,expectimax minimax
False,0.02398514747619629,1,alpha-beta pruning,expectimax minimax
False,0.023983001708984375,1,alpha-beta pruning,expectimax minimax
False,0.034976959228515625,1,alpha-beta pruning,expectimax minimax
False,0.034978389739990234,1,alpha-beta pruning,expectimax minimax
False,0.03297853469848633,1,alpha-beta pruning,expectimax minimax
False,0.031980037689208984,1,alpha-beta pruning,expectimax minimax
False,0.022986650466918945,1,alpha-beta pruning,expectimax minimax
False,0.02298426628112793,1,alpha-beta pruning,expectimax minimax
False,0.02398991584777832,1,alpha-beta pruning,expectimax minimax
False,0.022983789443969727,1,alpha-beta pruning,expectimax minimax
False,0.022986173629760742,1,alpha-beta pruning,expectimax minimax
False,0.021986007690429688,1,alpha-beta pruning,expectimax minimax
False,0.05296730995178223,1,alpha-beta pruning,expectimax minimax
False,0.05496525764465332,1,alpha-beta pruning,expectimax minimax
False,0.05496644973754883,1,alpha-beta pruning,expectimax minimax
False,0.044972896575927734,1,alpha-beta pruning,expectimax minimax
False,0.04497194290161133,1,alpha-beta pruning,expectimax minimax
False,0.045970916748046875,1,alpha-beta pruning,expectimax minimax
False,0.04497170448303223,1,alpha-beta pruning,expectimax minimax
False,0.044972896575927734,1,alpha-beta pruning,expectimax minimax
False,0.04597139358520508,1,alpha-beta pruning,expectimax minimax
False,0.0479733943939209,1,alpha-beta pruning,expectimax minimax
False,0.054967403411865234,1,alpha-beta pruning,expectimax minimax
False,0.05496573448181152,1,alpha-beta pruning,expectimax minimax
False,0.05396747589111328,1,alpha-beta pruning,expectimax minimax
False,0.04597043991088867,1,alpha-beta pruning,expectimax minimax
False,0.04796957969665527,1,alpha-beta pruning,expectimax minimax
False,0.04697060585021973,1,alpha-beta pruning,expectimax minimax
False,0.04697132110595703,1,alpha-beta pruning,expectimax minimax
False,0.045973777770996094,1,alpha-beta pruning,expectimax minimax
False,0.0450139045715332,1,alpha-beta pruning,expectimax minimax
False,0.044972896575927734,1,alpha-beta pruning,expectimax minimax
False,0.053958892822265625,1,alpha-beta pruning,expectimax minimax
False,0.05396842956542969,1,alpha-beta pruning,expectimax minimax
False,0.03197622299194336,1,alpha-beta pruning,expectimax minimax
False,0.02298450469970703,1,alpha-beta pruning,expectimax minimax
False,0.022986412048339844,1,alpha-beta pruning,expectimax minimax
False,0.02298569679260254,1,alpha-beta pruning,expectimax minimax
False,0.022192001342773438,1,alpha-beta pruning,expectimax minimax
False,0.022985458374023438,1,alpha-beta pruning,expectimax minimax
False,0.021978139877319336,1,alpha-beta pruning,expectimax minimax
False,0.022988319396972656,1,alpha-beta pruning,expectimax minimax
False,0.03104114532470703,1,alpha-beta pruning,expectimax minimax
False,0.03098011016845703,1,alpha-beta pruning,expectimax minimax
False,0.030978918075561523,1,alpha-beta pruning,expectimax minimax
False,0.022095680236816406,1,alpha-beta pruning,expectimax minimax
False,0.021985292434692383,1,alpha-beta pruning,expectimax minimax
False,0.02198624610900879,1,alpha-beta pruning,expectimax minimax
False,0.021984577178955078,1,alpha-beta pruning,expectimax minimax
False,0.020987510681152344,1,alpha-beta pruning,expectimax minimax
False,0.022983551025390625,1,alpha-beta pruning,expectimax minimax
False,0.021986961364746094,1,alpha-beta pruning,expectimax minimax
False,0.030979394912719727,1,alpha-beta pruning,expectimax minimax
False,0.03297901153564453,1,alpha-beta pruning,expectimax minimax
False,0.033979177474975586,1,alpha-beta pruning,expectimax minimax
False,0.021984577178955078,1,alpha-beta pruning,expectimax minimax
False,0.022985458374023438,1,alpha-beta pruning,expectimax minimax
False,0.02298569679260254,1,alpha-beta pruning,expectimax minimax
False,0.02298593521118164,1,alpha-beta pruning,expectimax minimax
False,0.022984743118286133,1,alpha-beta pruning,expectimax minimax
False,0.022985458374023438,1,alpha-beta pruning,expectimax minimax
False,0.022986173629760742,1,alpha-beta pruning,expectimax minimax
False,0.03197884559631348,1,alpha-beta pruning,expectimax minimax
False,0.03198099136352539,1,alpha-beta pruning,expectimax minimax
False,0.03198075294494629,1,alpha-beta pruning,expectimax minimax
False,0.048970937728881836,1,alpha-beta pruning,expectimax minimax
False,0.04497241973876953,1,alpha-beta pruning,expectimax minimax
False,0.045969247817993164,1,alpha-beta pruning,expectimax minimax
False,0.04497265815734863,1,alpha-beta pruning,expectimax minimax
False,0.044971466064453125,1,alpha-beta pruning,expectimax minimax
False,0.044985055923461914,1,alpha-beta pruning,expectimax minimax
False,0.044971466064453125,1,alpha-beta pruning,expectimax minimax
False,0.05392050743103027,1,alpha-beta pruning,expectimax minimax
False,0.05296659469604492,1,alpha-beta pruning,expectimax minimax
False,0.05401110649108887,1,alpha-beta pruning,expectimax minimax
False,0.04596996307373047,1,alpha-beta pruning,expectimax minimax
False,0.04497575759887695,1,alpha-beta pruning,expectimax minimax
False,0.04497098922729492,1,alpha-beta pruning,expectimax minimax
False,0.04411029815673828,1,alpha-beta pruning,expectimax minimax
False,0.04497098922729492,1,alpha-beta pruning,expectimax minimax
False,0.04403209686279297,1,alpha-beta pruning,expectimax minimax
False,0.046970367431640625,1,alpha-beta pruning,expectimax minimax
False,0.054028987884521484,1,alpha-beta pruning,expectimax minimax
False,0.05396628379821777,1,alpha-beta pruning,expectimax minimax
False,0.052937984466552734,1,alpha-beta pruning,expectimax minimax
False,0.005995035171508789,1,alpha-beta pruning,expectimax minimax
False,0.044972896575927734,1,alpha-beta pruning,expectimax minimax
False,0.021938323974609375,1,alpha-beta pruning,expectimax minimax
False,0.021979808807373047,1,alpha-beta pruning,expectimax minimax
False,0.02298450469970703,1,alpha-beta pruning,expectimax minimax
False,0.021984100341796875,1,alpha-beta pruning,expectimax minimax
False,0.02298712730407715,1,alpha-beta pruning,expectimax minimax
False,0.20512104034423828,2,alpha-beta pruning,expectimax minimax
False,0.20307707786560059,2,alpha-beta pruning,expectimax minimax
False,0.22687506675720215,2,alpha-beta pruning,expectimax minimax
False,0.2267773151397705,2,alpha-beta pruning,expectimax minimax
False,0.22885394096374512,2,alpha-beta pruning,expectimax minimax
False,0.2278590202331543,2,alpha-beta pruning,expectimax minimax
False,0.22686028480529785,2,alpha-beta pruning,expectimax minimax
False,0.22822117805480957,2,alpha-beta pruning,expectimax minimax
False,0.2498321533203125,2,alpha-beta pruning,expectimax minimax
False,0.24902915954589844,2,alpha-beta pruning,expectimax minimax
False,0.32192277908325195,2,alpha-beta pruning,expectimax minimax
False,0.32115650177001953,2,alpha-beta pruning,expectimax minimax
False,0.34185314178466797,2,alpha-beta pruning,expectimax minimax
False,0.24701619148254395,2,alpha-beta pruning,expectimax minimax
False,0.24819111824035645,2,alpha-beta pruning,expectimax minimax
False,0.26989269256591797,2,alpha-beta pruning,expectimax minimax
False,0.2691230773925781,2,alpha-beta pruning,expectimax minimax
False,0.2679712772369385,2,alpha-beta pruning,expectimax minimax
False,0.2918980121612549,2,alpha-beta pruning,expectimax minimax
False,0.2913498878479004,2,alpha-beta pruning,expectimax minimax
False,0.3857004642486572,2,alpha-beta pruning,expectimax minimax
False,0.3910403251647949,2,alpha-beta pruning,expectimax minimax
False,0.38695621490478516,2,alpha-beta pruning,expectimax minimax
False,0.2919313907623291,2,alpha-beta pruning,expectimax minimax
False,0.26915645599365234,2,alpha-beta pruning,expectimax minimax
False,0.26988744735717773,2,alpha-beta pruning,expectimax minimax
False,0.27000951766967773,2,alpha-beta pruning,expectimax minimax
False,0.2760043144226074,2,alpha-beta pruning,expectimax minimax
False,0.2890496253967285,2,alpha-beta pruning,expectimax minimax
False,0.3119349479675293,2,alpha-beta pruning,expectimax minimax
False,0.41101980209350586,2,alpha-beta pruning,expectimax minimax
False,0.4319756031036377,2,alpha-beta pruning,expectimax minimax
False,0.43407773971557617,2,alpha-beta pruning,expectimax minimax
False,0.33594560623168945,2,alpha-beta pruning,expectimax minimax
False,0.3148658275604248,2,alpha-beta pruning,expectimax minimax
False,0.3140370845794678,2,alpha-beta pruning,expectimax minimax
False,0.31398868560791016,2,alpha-beta pruning,expectimax minimax
False,0.2858889102935791,2,alpha-beta pruning,expectimax minimax
False,0.27024173736572266,2,alpha-beta pruning,expectimax minimax
False,0.3139622211456299,2,alpha-beta pruning,expectimax minimax
False,0.3937563896179199,2,alpha-beta pruning,expectimax minimax
False,0.3902273178100586,2,alpha-beta pruning,expectimax minimax
False,0.39096570014953613,2,alpha-beta pruning,expectimax minimax
False,0.2968170642852783,2,alpha-beta pruning,expectimax minimax
False,0.2742445468902588,2,alpha-beta pruning,expectimax minimax
False,0.3030421733856201,2,alpha-beta pruning,expectimax minimax
False,0.29200243949890137,2,alpha-beta pruning,expectimax minimax
False,0.16495823860168457,2,alpha-beta pruning,expectimax minimax
False,0.17090153694152832,2,alpha-beta pruning,expectimax minimax
False,0.16489768028259277,2,alpha-beta pruning,expectimax minimax
False,0.25326991081237793,2,alpha-beta pruning,expectimax minimax
False,0.2583146095275879,2,alpha-beta pruning,expectimax minimax
False,0.2298572063446045,2,alpha-beta pruning,expectimax minimax
False,0.22979044914245605,2,alpha-beta pruning,expectimax minimax
False,0.23196744918823242,2,alpha-beta pruning,expectimax minimax
False,0.23285555839538574,2,alpha-beta pruning,expectimax minimax
False,0.25317859649658203,2,alpha-beta pruning,expectimax minimax
False,0.25295066833496094,2,alpha-beta pruning,expectimax minimax
False,0.23080873489379883,2,alpha-beta pruning,expectimax minimax
False,0.23521757125854492,2,alpha-beta pruning,expectimax minimax
False,0.3188626766204834,2,alpha-beta pruning,expectimax minimax
False,0.31809306144714355,2,alpha-beta pruning,expectimax minimax
False,0.321216344833374,2,alpha-beta pruning,expectimax minimax
False,0.231766939163208,2,alpha-beta pruning,expectimax minimax
False,0.23085641860961914,2,alpha-beta pruning,expectimax minimax
False,0.23016095161437988,2,alpha-beta pruning,expectimax minimax
False,0.2318582534790039,2,alpha-beta pruning,expectimax minimax
False,0.21087074279785156,2,alpha-beta pruning,expectimax minimax
False,0.10835647583007812,2,alpha-beta pruning,expectimax minimax
False,0.1069953441619873,2,alpha-beta pruning,expectimax minimax
False,0.18288683891296387,2,alpha-beta pruning,expectimax minimax
False,0.18288707733154297,2,alpha-beta pruning,expectimax minimax
False,0.18213200569152832,2,alpha-beta pruning,expectimax minimax
False,0.18288683891296387,2,alpha-beta pruning,expectimax minimax
False,0.1821908950805664,2,alpha-beta pruning,expectimax minimax
False,0.18300914764404297,2,alpha-beta pruning,expectimax minimax
False,0.20393657684326172,2,alpha-beta pruning,expectimax minimax
False,0.20525360107421875,2,alpha-beta pruning,expectimax minimax
False,0.183807373046875,2,alpha-beta pruning,expectimax minimax
False,0.19088220596313477,2,alpha-beta pruning,expectimax minimax
False,0.26083803176879883,2,alpha-beta pruning,expectimax minimax
False,0.2631418704986572,2,alpha-beta pruning,expectimax minimax
False,0.26083827018737793,2,alpha-beta pruning,expectimax minimax
False,0.18425273895263672,2,alpha-beta pruning,expectimax minimax
False,0.1838681697845459,2,alpha-beta pruning,expectimax minimax
False,0.18388676643371582,2,alpha-beta pruning,expectimax minimax
False,0.18220973014831543,2,alpha-beta pruning,expectimax minimax
False,0.18388652801513672,2,alpha-beta pruning,expectimax minimax
False,0.18217062950134277,2,alpha-beta pruning,expectimax minimax
False,0.18302583694458008,2,alpha-beta pruning,expectimax minimax
False,0.2603445053100586,2,alpha-beta pruning,expectimax minimax
False,0.2828247547149658,2,alpha-beta pruning,expectimax minimax
False,0.284743070602417,2,alpha-beta pruning,expectimax minimax
False,0.20989251136779785,2,alpha-beta pruning,expectimax minimax
False,0.21013689041137695,2,alpha-beta pruning,expectimax minimax
False,0.21086788177490234,2,alpha-beta pruning,expectimax minimax
False,0.2094879150390625,2,alpha-beta pruning,expectimax minimax
False,0.2118692398071289,2,alpha-beta pruning,expectimax minimax
False,0.1858844757080078,2,alpha-beta pruning,expectimax minimax
False,0.18688273429870605,2,alpha-beta pruning,expectimax minimax
False,0.26131749153137207,2,alpha-beta pruning,expectimax minimax
False,0.266834020614624,2,alpha-beta pruning,expectimax minimax
False,0.26283884048461914,2,alpha-beta pruning,expectimax minimax
False,0.20800423622131348,2,alpha-beta pruning,expectimax minimax
False,0.2058718204498291,2,alpha-beta pruning,expectimax minimax
False,0.20687031745910645,2,alpha-beta pruning,expectimax minimax
False,0.21327781677246094,2,alpha-beta pruning,expectimax minimax
False,0.2098696231842041,2,alpha-beta pruning,expectimax minimax
False,0.20613384246826172,2,alpha-beta pruning,expectimax minimax
False,0.20687198638916016,2,alpha-beta pruning,expectimax minimax
False,0.2857351303100586,2,alpha-beta pruning,expectimax minimax
False,0.30787229537963867,2,alpha-beta pruning,expectimax minimax
False,0.3057057857513428,2,alpha-beta pruning,expectimax minimax
False,0.2078707218170166,2,alpha-beta pruning,expectimax minimax
False,0.20787310600280762,2,alpha-beta pruning,expectimax minimax
False,0.2058722972869873,2,alpha-beta pruning,expectimax minimax
False,0.11992573738098145,2,alpha-beta pruning,expectimax minimax
False,0.12092471122741699,2,alpha-beta pruning,expectimax minimax
False,0.12092947959899902,2,alpha-beta pruning,expectimax minimax
False,0.1209251880645752,2,alpha-beta pruning,expectimax minimax
False,0.18887758255004883,2,alpha-beta pruning,expectimax minimax
False,0.18888354301452637,2,alpha-beta pruning,expectimax minimax
False,0.18863463401794434,2,alpha-beta pruning,expectimax minimax
False,0.013990402221679688,2,alpha-beta pruning,expectimax minimax
False,0.008994102478027344,2,alpha-beta pruning,expectimax minimax
False,0.21086978912353516,2,alpha-beta pruning,expectimax minimax
False,0.19088149070739746,2,alpha-beta pruning,expectimax minimax
False,0.19288253784179688,2,alpha-beta pruning,expectimax minimax
False,0.1908888816833496,2,alpha-beta pruning,expectimax minimax
False,0.18942666053771973,2,alpha-beta pruning,expectimax minimax
False,0.2578403949737549,2,alpha-beta pruning,expectimax minimax
False,0.007994890213012695,2,alpha-beta pruning,expectimax minimax
False,0.16489624977111816,2,alpha-beta pruning,expectimax minimax
False,0.10793328285217285,2,alpha-beta pruning,expectimax minimax
False,0.008994579315185547,2,alpha-beta pruning,expectimax minimax
False,0.10693883895874023,2,alpha-beta pruning,expectimax minimax
False,0.0869452953338623,2,alpha-beta pruning,expectimax minimax
False,0.08694648742675781,2,alpha-beta pruning,expectimax minimax
False,0.08594512939453125,2,alpha-beta pruning,expectimax minimax
False,0.08621954917907715,2,alpha-beta pruning,expectimax minimax
False,0.14246439933776855,2,alpha-beta pruning,expectimax minimax
False,0.14391303062438965,2,alpha-beta pruning,expectimax minimax
False,0.14390993118286133,2,alpha-beta pruning,expectimax minimax
False,0.14291000366210938,2,alpha-beta pruning,expectimax minimax
False,0.004996061325073242,2,alpha-beta pruning,expectimax minimax
False,0.005996227264404297,2,alpha-beta pruning,expectimax minimax
False,0.14291620254516602,2,alpha-beta pruning,expectimax minimax
False,0.12091755867004395,2,alpha-beta pruning,expectimax minimax
False,0.11992502212524414,2,alpha-beta pruning,expectimax minimax
False,0.050531864166259766,2,alpha-beta pruning,expectimax minimax
False,0.09593534469604492,2,alpha-beta pruning,expectimax minimax
False,0.03897500038146973,2,alpha-beta pruning,expectimax minimax
False,0.03897452354431152,2,alpha-beta pruning,expectimax minimax
False,0.03797554969787598,2,alpha-beta pruning,expectimax minimax
False,0.037969350814819336,2,alpha-beta pruning,expectimax minimax
False,0.03797578811645508,2,alpha-beta pruning,expectimax minimax
False,0.03797459602355957,2,alpha-beta pruning,expectimax minimax
False,0.03797650337219238,2,alpha-beta pruning,expectimax minimax
False,0.03797435760498047,2,alpha-beta pruning,expectimax minimax
False,0.03697848320007324,2,alpha-beta pruning,expectimax minimax
False,0.07295560836791992,2,alpha-beta pruning,expectimax minimax
False,0.07295417785644531,2,alpha-beta pruning,expectimax minimax
False,0.029981374740600586,2,alpha-beta pruning,expectimax minimax
False,0.030123233795166016,2,alpha-beta pruning,expectimax minimax
False,0.029981136322021484,2,alpha-beta pruning,expectimax minimax
False,0.028981685638427734,2,alpha-beta pruning,expectimax minimax
False,0.030981063842773438,2,alpha-beta pruning,expectimax minimax
False,0.029981613159179688,2,alpha-beta pruning,expectimax minimax
False,0.029981613159179688,2,alpha-beta pruning,expectimax minimax
False,0.028980731964111328,2,alpha-beta pruning,expectimax minimax
False,0.05503582954406738,2,alpha-beta pruning,expectimax minimax
False,0.05518388748168945,2,alpha-beta pruning,expectimax minimax
False,0.05396580696105957,2,alpha-beta pruning,expectimax minimax
False,0.05396699905395508,2,alpha-beta pruning,expectimax minimax
False,0.05396604537963867,2,alpha-beta pruning,expectimax minimax
False,0.05296659469604492,2,alpha-beta pruning,expectimax minimax
False,0.05396723747253418,2,alpha-beta pruning,expectimax minimax
False,0.05421161651611328,2,alpha-beta pruning,expectimax minimax
False,0.054967641830444336,2,alpha-beta pruning,expectimax minimax
False,0.05396628379821777,2,alpha-beta pruning,expectimax minimax
False,0.0769503116607666,2,alpha-beta pruning,expectimax minimax
False,0.07795262336730957,2,alpha-beta pruning,expectimax minimax
False,0.07795238494873047,2,alpha-beta pruning,expectimax minimax
False,0.05406832695007324,2,alpha-beta pruning,expectimax minimax
False,0.05296659469604492,2,alpha-beta pruning,expectimax minimax
False,0.05397200584411621,2,alpha-beta pruning,expectimax minimax
False,0.05496382713317871,2,alpha-beta pruning,expectimax minimax
False,0.07595276832580566,2,alpha-beta pruning,expectimax minimax
False,0.07595396041870117,2,alpha-beta pruning,expectimax minimax
False,0.07695317268371582,2,alpha-beta pruning,expectimax minimax
False,0.05996203422546387,2,alpha-beta pruning,expectimax minimax
False,0.05896139144897461,2,alpha-beta pruning,expectimax minimax
False,0.06096220016479492,2,alpha-beta pruning,expectimax minimax
False,0.06096220016479492,2,alpha-beta pruning,expectimax minimax
False,0.059963226318359375,2,alpha-beta pruning,expectimax minimax
False,0.06196260452270508,2,alpha-beta pruning,expectimax minimax
False,0.06096172332763672,2,alpha-beta pruning,expectimax minimax
False,0.05996370315551758,2,alpha-beta pruning,expectimax minimax
False,0.05996394157409668,2,alpha-beta pruning,expectimax minimax
False,0.05996298789978027,2,alpha-beta pruning,expectimax minimax
False,0.07795381546020508,2,alpha-beta pruning,expectimax minimax
False,0.0769500732421875,2,alpha-beta pruning,expectimax minimax
False,0.07895016670227051,2,alpha-beta pruning,expectimax minimax
False,0.06096172332763672,2,alpha-beta pruning,expectimax minimax
False,0.060962677001953125,2,alpha-beta pruning,expectimax minimax
False,0.05996298789978027,2,alpha-beta pruning,expectimax minimax
False,0.06296086311340332,2,alpha-beta pruning,expectimax minimax
False,0.06096220016479492,2,alpha-beta pruning,expectimax minimax
False,0.05996298789978027,2,alpha-beta pruning,expectimax minimax
False,0.037975311279296875,2,alpha-beta pruning,expectimax minimax
False,0.054965972900390625,2,alpha-beta pruning,expectimax minimax
False,0.05496382713317871,2,alpha-beta pruning,expectimax minimax
False,0.05496525764465332,2,alpha-beta pruning,expectimax minimax
False,0.03750872611999512,2,alpha-beta pruning,expectimax minimax
False,0.03697538375854492,2,alpha-beta pruning,expectimax minimax
False,0.03797554969787598,2,alpha-beta pruning,expectimax minimax
False,0.03697705268859863,2,alpha-beta pruning,expectimax minimax
False,0.03697562217712402,2,alpha-beta pruning,expectimax minimax
False,0.03697037696838379,2,alpha-beta pruning,expectimax minimax
False,0.037975311279296875,2,alpha-beta pruning,expectimax minimax
False,0.05496692657470703,2,alpha-beta pruning,expectimax minimax
False,0.05396556854248047,2,alpha-beta pruning,expectimax minimax
False,0.054965972900390625,2,alpha-beta pruning,expectimax minimax
False,0.03797602653503418,2,alpha-beta pruning,expectimax minimax
False,0.037976741790771484,2,alpha-beta pruning,expectimax minimax
False,0.03697538375854492,2,alpha-beta pruning,expectimax minimax
False,0.03797578811645508,2,alpha-beta pruning,expectimax minimax
False,0.036982059478759766,2,alpha-beta pruning,expectimax minimax
False,0.03697681427001953,2,alpha-beta pruning,expectimax minimax
False,0.03797578811645508,2,alpha-beta pruning,expectimax minimax
False,0.05448126792907715,2,alpha-beta pruning,expectimax minimax
False,0.05396604537963867,2,alpha-beta pruning,expectimax minimax
False,0.05396604537963867,2,alpha-beta pruning,expectimax minimax
False,0.03697657585144043,2,alpha-beta pruning,expectimax minimax
False,0.03897500038146973,2,alpha-beta pruning,expectimax minimax
False,0.03897547721862793,2,alpha-beta pruning,expectimax minimax
False,0.038974761962890625,2,alpha-beta pruning,expectimax minimax
False,0.03797602653503418,2,alpha-beta pruning,expectimax minimax
False,0.037976980209350586,2,alpha-beta pruning,expectimax minimax
False,0.03697538375854492,2,alpha-beta pruning,expectimax minimax
False,0.053966522216796875,2,alpha-beta pruning,expectimax minimax
False,0.054965972900390625,2,alpha-beta pruning,expectimax minimax
False,0.05896282196044922,2,alpha-beta pruning,expectimax minimax
False,0.03997492790222168,2,alpha-beta pruning,expectimax minimax
False,0.03797578811645508,2,alpha-beta pruning,expectimax minimax
False,0.03945016860961914,2,alpha-beta pruning,expectimax minimax
False,0.03697633743286133,2,alpha-beta pruning,expectimax minimax
False,0.03697681427001953,2,alpha-beta pruning,expectimax minimax
False,0.036977291107177734,2,alpha-beta pruning,expectimax minimax
False,0.036977291107177734,2,alpha-beta pruning,expectimax minimax
False,0.05696392059326172,2,alpha-beta pruning,expectimax minimax
False,0.05696392059326172,2,alpha-beta pruning,expectimax minimax
False,0.05596351623535156,2,alpha-beta pruning,expectimax minimax
False,0.03797626495361328,2,alpha-beta pruning,expectimax minimax
False,0.03797554969787598,2,alpha-beta pruning,expectimax minimax
False,0.03697705268859863,2,alpha-beta pruning,expectimax minimax
False,0.03697824478149414,2,alpha-beta pruning,expectimax minimax
False,0.037975311279296875,2,alpha-beta pruning,expectimax minimax
False,0.036975860595703125,2,alpha-beta pruning,expectimax minimax
False,0.03697681427001953,2,alpha-beta pruning,expectimax minimax
False,0.05396842956542969,2,alpha-beta pruning,expectimax minimax
False,0.05408930778503418,2,alpha-beta pruning,expectimax minimax
False,0.054964303970336914,2,alpha-beta pruning,expectimax minimax
False,0.03897547721862793,2,alpha-beta pruning,expectimax minimax
False,0.03797602653503418,2,alpha-beta pruning,expectimax minimax
False,0.03897500038146973,2,alpha-beta pruning,expectimax minimax
False,0.03797554969787598,2,alpha-beta pruning,expectimax minimax
False,0.03697562217712402,2,alpha-beta pruning,expectimax minimax
False,0.036977529525756836,2,alpha-beta pruning,expectimax minimax
False,0.0379786491394043,2,alpha-beta pruning,expectimax minimax
False,0.05496382713317871,2,alpha-beta pruning,expectimax minimax
False,0.0549626350402832,2,alpha-beta pruning,expectimax minimax
False,0.05450081825256348,2,alpha-beta pruning,expectimax minimax
False,0.037975311279296875,2,alpha-beta pruning,expectimax minimax
False,0.037976980209350586,2,alpha-beta pruning,expectimax minimax
False,0.03797626495361328,2,alpha-beta pruning,expectimax minimax
False,0.03897547721862793,2,alpha-beta pruning,expectimax minimax
False,0.03698539733886719,2,alpha-beta pruning,expectimax minimax
False,0.03897500038146973,2,alpha-beta pruning,expectimax minimax
False,0.03897547721862793,2,alpha-beta pruning,expectimax minimax
False,0.05396580696105957,2,alpha-beta pruning,expectimax minimax
False,0.05796313285827637,2,alpha-beta pruning,expectimax minimax
False,0.05597352981567383,2,alpha-beta pruning,expectimax minimax
False,0.037975311279296875,2,alpha-beta pruning,expectimax minimax
False,0.03897547721862793,2,alpha-beta pruning,expectimax minimax
False,0.03849053382873535,2,alpha-beta pruning,expectimax minimax
False,0.042973995208740234,2,alpha-beta pruning,expectimax minimax
False,0.04697012901306152,2,alpha-beta pruning,expectimax minimax
False,0.044971466064453125,2,alpha-beta pruning,expectimax minimax
False,0.03997373580932617,2,alpha-beta pruning,expectimax minimax
False,0.020985126495361328,2,alpha-beta pruning,expectimax minimax
False,0.020987510681152344,2,alpha-beta pruning,expectimax minimax
False,0.01998615264892578,2,alpha-beta pruning,expectimax minimax
False,0.019988536834716797,2,alpha-beta pruning,expectimax minimax
False,0.019987106323242188,2,alpha-beta pruning,expectimax minimax
False,0.019988298416137695,2,alpha-beta pruning,expectimax minimax
False,0.019986391067504883,2,alpha-beta pruning,expectimax minimax
False,0.02098703384399414,2,alpha-beta pruning,expectimax minimax
False,0.020987749099731445,2,alpha-beta pruning,expectimax minimax
False,0.02098679542541504,2,alpha-beta pruning,expectimax minimax
False,0.028982162475585938,2,alpha-beta pruning,expectimax minimax
False,0.02998042106628418,2,alpha-beta pruning,expectimax minimax
False,0.029979467391967773,2,alpha-beta pruning,expectimax minimax
False,0.020984888076782227,2,alpha-beta pruning,expectimax minimax
False,0.020985841751098633,2,alpha-beta pruning,expectimax minimax
False,0.01998758316040039,2,alpha-beta pruning,expectimax minimax
False,0.01998591423034668,2,alpha-beta pruning,expectimax minimax
False,0.020986318588256836,2,alpha-beta pruning,expectimax minimax
False,0.019986391067504883,2,alpha-beta pruning,expectimax minimax
False,0.02098536491394043,2,alpha-beta pruning,expectimax minimax
False,0.02998208999633789,2,alpha-beta pruning,expectimax minimax
False,0.029980897903442383,2,alpha-beta pruning,expectimax minimax
False,0.030979156494140625,2,alpha-beta pruning,expectimax minimax
False,0.019987106323242188,2,alpha-beta pruning,expectimax minimax
False,0.01998734474182129,2,alpha-beta pruning,expectimax minimax
False,0.019987821578979492,2,alpha-beta pruning,expectimax minimax
False,0.019988298416137695,2,alpha-beta pruning,expectimax minimax
False,0.020548343658447266,2,alpha-beta pruning,expectimax minimax
False,0.019987821578979492,2,alpha-beta pruning,expectimax minimax
False,0.019986629486083984,2,alpha-beta pruning,expectimax minimax
False,0.018987655639648438,2,alpha-beta pruning,expectimax minimax
False,0.02198624610900879,2,alpha-beta pruning,expectimax minimax
False,0.03696894645690918,2,alpha-beta pruning,expectimax minimax
False,0.02199101448059082,2,alpha-beta pruning,expectimax minimax
False,0.02098679542541504,2,alpha-beta pruning,expectimax minimax
False,0.02098703384399414,2,alpha-beta pruning,expectimax minimax
False,0.020987749099731445,2,alpha-beta pruning,expectimax minimax
False,0.01998758316040039,2,alpha-beta pruning,expectimax minimax
False,0.020986318588256836,2,alpha-beta pruning,expectimax minimax
False,0.04397296905517578,2,alpha-beta pruning,expectimax minimax
False,0.03097987174987793,2,alpha-beta pruning,expectimax minimax
False,0.04097414016723633,2,alpha-beta pruning,expectimax minimax
False,0.05196714401245117,2,alpha-beta pruning,expectimax minimax
False,0.043972015380859375,2,alpha-beta pruning,expectimax minimax
False,0.042961835861206055,2,alpha-beta pruning,expectimax minimax
False,0.04397225379943848,2,alpha-beta pruning,expectimax minimax
False,0.04297208786010742,2,alpha-beta pruning,expectimax minimax
False,0.04397296905517578,2,alpha-beta pruning,expectimax minimax
False,0.042973995208740234,2,alpha-beta pruning,expectimax minimax
False,0.04297637939453125,2,alpha-beta pruning,expectimax minimax
False,0.2721078395843506,3,alpha-beta pruning,expectimax minimax
False,0.27083325386047363,3,alpha-beta pruning,expectimax minimax
False,0.2698335647583008,3,alpha-beta pruning,expectimax minimax
False,0.27092933654785156,3,alpha-beta pruning,expectimax minimax
